{"tilemap": {"8;8": {"type": "stone", "variant": 8, "pos": [8, 8]}, "7;8": {"type": "stone", "variant": 1, "pos": [7, 8]}, "6;8": {"type": "stone", "variant": 1, "pos": [6, 8]}, "5;8": {"type": "stone", "variant": 1, "pos": [5, 8]}, "3;8": {"type": "stone", "variant": 1, "pos": [3, 8]}, "2;8": {"type": "stone", "variant": 7, "pos": [2, 8]}, "2;10": {"type": "stone", "variant": 7, "pos": [2, 10]}, "3;10": {"type": "stone", "variant": 8, "pos": [3, 10]}, "4;10": {"type": "stone", "variant": 8, "pos": [4, 10]}, "5;10": {"type": "stone", "variant": 8, "pos": [5, 10]}, "6;10": {"type": "stone", "variant": 8, "pos": [6, 10]}, "7;10": {"type": "stone", "variant": 8, "pos": [7, 10]}, "8;10": {"type": "stone", "variant": 8, "pos": [8, 10]}, "9;10": {"type": "stone", "variant": 8, "pos": [9, 10]}, "10;10": {"type": "stone", "variant": 8, "pos": [10, 10]}, "10;9": {"type": "stone", "variant": 8, "pos": [10, 9]}, "9;9": {"type": "stone", "variant": 8, "pos": [9, 9]}, "8;9": {"type": "stone", "variant": 8, "pos": [8, 9]}, "7;9": {"type": "stone", "variant": 8, "pos": [7, 9]}, "6;9": {"type": "stone", "variant": 8, "pos": [6, 9]}, "5;9": {"type": "stone", "variant": 8, "pos": [5, 9]}, "3;9": {"type": "stone", "variant": 8, "pos": [3, 9]}, "3;11": {"type": "stone", "variant": 5, "pos": [3, 11]}, "4;11": {"type": "stone", "variant": 5, "pos": [4, 11]}, "5;11": {"type": "stone", "variant": 5, "pos": [5, 11]}, "6;11": {"type": "stone", "variant": 5, "pos": [6, 11]}, "7;11": {"type": "stone", "variant": 5, "pos": [7, 11]}, "8;11": {"type": "stone", "variant": 5, "pos": [8, 11]}, "9;11": {"type": "stone", "variant": 5, "pos": [9, 11]}, "2;7": {"type": "stone", "variant": 0, "pos": [2, 7]}, "3;7": {"type": "decor", "variant": 0, "pos": [3, 7]}, "4;7": {"type": "decor", "variant": 0, "pos": [4, 7]}, "4;8": {"type": "stone", "variant": 1, "pos": [4, 8]}, "7;7": {"type": "decor", "variant": 1, "pos": [7, 7]}, "8;7": {"type": "stone", "variant": 7, "pos": [8, 7]}, "10;8": {"type": "stone", "variant": 1, "pos": [10, 8]}, "9;8": {"type": "stone", "variant": 8, "pos": [9, 8]}, "13;8": {"type": "stone", "variant": 0, "pos": [13, 8]}, "13;9": {"type": "stone", "variant": 3, "pos": [13, 9]}, "15;9": {"type": "stone", "variant": 8, "pos": [15, 9]}, "16;8": {"type": "stone", "variant": 2, "pos": [16, 8]}, "15;8": {"type": "stone", "variant": 1, "pos": [15, 8]}, "14;8": {"type": "stone", "variant": 1, "pos": [14, 8]}, "12;2": {"type": "stone", "variant": 1, "pos": [12, 2]}, "11;2": {"type": "stone", "variant": 1, "pos": [11, 2]}, "10;2": {"type": "stone", "variant": 1, "pos": [10, 2]}, "9;2": {"type": "stone", "variant": 1, "pos": [9, 2]}, "8;2": {"type": "stone", "variant": 1, "pos": [8, 2]}, "8;3": {"type": "stone", "variant": 6, "pos": [8, 3]}, "12;3": {"type": "stone", "variant": 5, "pos": [12, 3]}, "11;1": {"type": "decor", "variant": 3, "pos": [11, 1]}, "9;1": {"type": "decor", "variant": 3, "pos": [9, 1]}, "11;8": {"type": "stone", "variant": 2, "pos": [11, 8]}, "13;4": {"type": "stone", "variant": 6, "pos": [13, 4]}, "14;4": {"type": "stone", "variant": 5, "pos": [14, 4]}, "15;4": {"type": "stone", "variant": 5, "pos": [15, 4]}, "16;4": {"type": "stone", "variant": 5, "pos": [16, 4]}, "17;4": {"type": "stone", "variant": 5, "pos": [17, 4]}, "18;4": {"type": "stone", "variant": 5, "pos": [18, 4]}, "19;4": {"type": "stone", "variant": 5, "pos": [19, 4]}, "17;8": {"type": "stone", "variant": 1, "pos": [17, 8]}, "18;8": {"type": "stone", "variant": 0, "pos": [18, 8]}, "19;8": {"type": "stone", "variant": 1, "pos": [19, 8]}, "17;9": {"type": "stone", "variant": 0, "pos": [17, 9]}, "19;9": {"type": "stone", "variant": 0, "pos": [19, 9]}, "2;9": {"type": "stone", "variant": 7, "pos": [2, 9]}, "2;11": {"type": "stone", "variant": 6, "pos": [2, 11]}, "4;9": {"type": "stone", "variant": 8, "pos": [4, 9]}, "10;11": {"type": "stone", "variant": 4, "pos": [10, 11]}, "11;9": {"type": "stone", "variant": 8, "pos": [11, 9]}, "5;4": {"type": "stone", "variant": 4, "pos": [5, 4]}, "4;4": {"type": "stone", "variant": 5, "pos": [4, 4]}, "3;4": {"type": "stone", "variant": 5, "pos": [3, 4]}, "2;4": {"type": "stone", "variant": 7, "pos": [2, 4]}, "2;5": {"type": "stone", "variant": 0, "pos": [2, 5]}, "2;6": {"type": "stone", "variant": 0, "pos": [2, 6]}, "7;2": {"type": "stone", "variant": 1, "pos": [7, 2]}, "6;2": {"type": "stone", "variant": 1, "pos": [6, 2]}, "5;2": {"type": "stone", "variant": 1, "pos": [5, 2]}, "4;2": {"type": "stone", "variant": 1, "pos": [4, 2]}, "3;2": {"type": "stone", "variant": 1, "pos": [3, 2]}, "2;2": {"type": "stone", "variant": 0, "pos": [2, 2]}, "2;3": {"type": "stone", "variant": 7, "pos": [2, 3]}, "3;3": {"type": "stone", "variant": 8, "pos": [3, 3]}, "4;3": {"type": "stone", "variant": 8, "pos": [4, 3]}, "5;3": {"type": "stone", "variant": 8, "pos": [5, 3]}, "6;3": {"type": "stone", "variant": 4, "pos": [6, 3]}, "13;3": {"type": "stone", "variant": 8, "pos": [13, 3]}, "14;3": {"type": "stone", "variant": 8, "pos": [14, 3]}, "15;3": {"type": "stone", "variant": 8, "pos": [15, 3]}, "16;3": {"type": "stone", "variant": 8, "pos": [16, 3]}, "17;3": {"type": "stone", "variant": 8, "pos": [17, 3]}, "18;3": {"type": "stone", "variant": 8, "pos": [18, 3]}, "19;3": {"type": "stone", "variant": 8, "pos": [19, 3]}, "20;4": {"type": "stone", "variant": 5, "pos": [20, 4]}, "21;4": {"type": "stone", "variant": 5, "pos": [21, 4]}, "22;4": {"type": "stone", "variant": 5, "pos": [22, 4]}, "23;4": {"type": "stone", "variant": 5, "pos": [23, 4]}, "20;8": {"type": "stone", "variant": 0, "pos": [20, 8]}, "21;8": {"type": "stone", "variant": 2, "pos": [21, 8]}, "23;8": {"type": "stone", "variant": 0, "pos": [23, 8]}, "14;2": {"type": "stone", "variant": 1, "pos": [14, 2]}, "15;2": {"type": "stone", "variant": 1, "pos": [15, 2]}, "16;2": {"type": "stone", "variant": 1, "pos": [16, 2]}, "13;2": {"type": "stone", "variant": 1, "pos": [13, 2]}, "17;2": {"type": "stone", "variant": 1, "pos": [17, 2]}, "18;2": {"type": "stone", "variant": 1, "pos": [18, 2]}, "19;2": {"type": "stone", "variant": 1, "pos": [19, 2]}, "20;2": {"type": "stone", "variant": 1, "pos": [20, 2]}, "21;2": {"type": "stone", "variant": 1, "pos": [21, 2]}, "22;2": {"type": "stone", "variant": 1, "pos": [22, 2]}, "23;2": {"type": "stone", "variant": 1, "pos": [23, 2]}, "23;3": {"type": "stone", "variant": 8, "pos": [23, 3]}, "21;3": {"type": "stone", "variant": 8, "pos": [21, 3]}, "20;3": {"type": "stone", "variant": 8, "pos": [20, 3]}, "22;3": {"type": "stone", "variant": 8, "pos": [22, 3]}, "24;2": {"type": "stone", "variant": 2, "pos": [24, 2]}, "24;3": {"type": "stone", "variant": 3, "pos": [24, 3]}, "24;4": {"type": "stone", "variant": 3, "pos": [24, 4]}, "24;5": {"type": "stone", "variant": 0, "pos": [24, 5]}, "24;6": {"type": "stone", "variant": 0, "pos": [24, 6]}, "24;7": {"type": "stone", "variant": 0, "pos": [24, 7]}, "24;8": {"type": "stone", "variant": 4, "pos": [24, 8]}, "21;9": {"type": "stone", "variant": 0, "pos": [21, 9]}, "13;10": {"type": "stone", "variant": 4, "pos": [13, 10]}, "15;10": {"type": "stone", "variant": 0, "pos": [15, 10]}, "17;10": {"type": "stone", "variant": 0, "pos": [17, 10]}, "19;10": {"type": "stone", "variant": 0, "pos": [19, 10]}, "21;10": {"type": "stone", "variant": 6, "pos": [21, 10]}, "11;10": {"type": "stone", "variant": 5, "pos": [11, 10]}, "12;10": {"type": "stone", "variant": 5, "pos": [12, 10]}, "22;10": {"type": "stone", "variant": 0, "pos": [22, 10]}, "23;10": {"type": "stone", "variant": 4, "pos": [23, 10]}, "23;9": {"type": "stone", "variant": 0, "pos": [23, 9]}, "9;5": {"type": "stone", "variant": 0, "pos": [9, 5]}, "9;7": {"type": "stone", "variant": 2, "pos": [9, 7]}, "8;5": {"type": "stone", "variant": 0, "pos": [8, 5]}, "8;6": {"type": "stone", "variant": 0, "pos": [8, 6]}, "10;3": {"type": "stone", "variant": 5, "pos": [10, 3]}, "11;3": {"type": "stone", "variant": 5, "pos": [11, 3]}, "9;3": {"type": "stone", "variant": 5, "pos": [9, 3]}, "12;9": {"type": "stone", "variant": 1, "pos": [12, 9]}, "6;4": {"type": "stone", "variant": 0, "pos": [6, 4]}}, "tile_size": 16, "offgrid": [{"type": "large_decor", "variant": 0, "pos": [86.0, 121.0]}, {"type": "large_decor", "variant": 1, "pos": [139.5, 134.0]}, {"type": "large_decor", "variant": 2, "pos": [45.0, 85.5]}, {"type": "large_decor", "variant": 0, "pos": [166.0, 24.0]}, {"type": "spawners", "variant": 0, "pos": [78.0, 111.5]}, {"type": "spawners", "variant": 1, "pos": [135.0, 15.5]}, {"type": "spawners", "variant": 2, "pos": [300, 142]}]}